{"backendDependencies":{"fhir2":"^1.2.0","webservices.rest":"^2.2.0"},"pages":[{"component":"dispensing","route":"dispensing","online":true,"offline":true}],"extensions":[{"name":"dispensing-link","slot":"app-menu-slot","component":"dispensingLink","online":true,"offline":true},{"name":"dispensing-dashboard","slot":"dispensing-dashboard-slot","component":"dispensingDashboard","online":true,"offline":true},{"name":"dispensing-dashboard-link","component":"dispensingDashboardLink","meta":{"name":"dispensing","slot":"dispensing-dashboard-slot","title":"Dispensing"}}],"version":"1.3.1-pre.269"}