{
  "chunks": [
    {
      "rendered": true,
      "initial": true,
      "entry": true,
      "recorded": false,
      "size": 19508,
      "sizes": {
        "javascript": 42,
        "share-init": 168,
        "runtime": 19298
      },
      "names": [
        "@openmrs/esm-devtools-app"
      ],
      "idHints": [],
      "runtime": [
        "@openmrs/esm-devtools-app"
      ],
      "files": [
        "openmrs-esm-devtools-app.js"
      ],
      "auxiliaryFiles": [
        "openmrs-esm-devtools-app.js.map"
      ],
      "hash": "c394b6846636c307",
      "childrenByOrder": {}
    },
    {
      "rendered": true,
      "initial": true,
      "entry": true,
      "recorded": false,
      "size": 20368,
      "sizes": {
        "javascript": 492,
        "consume-shared": 42,
        "share-init": 168,
        "runtime": 19666
      },
      "names": [
        "main"
      ],
      "idHints": [],
      "runtime": [
        "main"
      ],
      "files": [
        "main.js"
      ],
      "auxiliaryFiles": [
        "main.js.map"
      ],
      "hash": "0fc1cfc0c66359fa",
      "childrenByOrder": {}
    },
    {
      "rendered": false,
      "initial": false,
      "entry": false,
      "recorded": false,
      "reason": "split chunk (cache group: default)",
      "size": 84,
      "sizes": {
        "consume-shared": 84
      },
      "names": [],
      "idHints": [],
      "runtime": [
        "@openmrs/esm-devtools-app",
        "main"
      ],
      "files": [],
      "auxiliaryFiles": [],
      "hash": "f4b49d2291e36256",
      "childrenByOrder": {}
    },
    {
      "rendered": true,
      "initial": false,
      "entry": false,
      "recorded": false,
      "size": 15573,
      "sizes": {
        "javascript": 15573
      },
      "names": [],
      "idHints": [],
      "runtime": [
        "@openmrs/esm-devtools-app",
        "main"
      ],
      "files": [
        "630.js"
      ],
      "auxiliaryFiles": [
        "630.js.map"
      ],
      "hash": "2ca7eef55e6554c9",
      "childrenByOrder": {}
    },
    {
      "rendered": true,
      "initial": false,
      "entry": false,
      "recorded": false,
      "reason": "reused as split chunk (cache group: defaultVendors)",
      "size": 40147,
      "sizes": {
        "javascript": 40147
      },
      "names": [],
      "idHints": [
        "vendors"
      ],
      "runtime": [
        "@openmrs/esm-devtools-app",
        "main"
      ],
      "files": [
        "729.js"
      ],
      "auxiliaryFiles": [
        "729.js.map"
      ],
      "hash": "2b0b604ae50b08e2",
      "childrenByOrder": {}
    },
    {
      "rendered": true,
      "initial": false,
      "entry": false,
      "recorded": false,
      "size": 7103,
      "sizes": {
        "javascript": 7103
      },
      "names": [],
      "idHints": [],
      "runtime": [
        "@openmrs/esm-devtools-app",
        "main"
      ],
      "files": [
        "735.js"
      ],
      "auxiliaryFiles": [
        "735.js.map"
      ],
      "hash": "72b4a79a37034287",
      "childrenByOrder": {}
    },
    {
      "rendered": false,
      "initial": false,
      "entry": false,
      "recorded": false,
      "reason": "reused as split chunk (cache group: default)",
      "size": 42,
      "sizes": {
        "consume-shared": 42
      },
      "names": [],
      "idHints": [],
      "runtime": [
        "@openmrs/esm-devtools-app",
        "main"
      ],
      "files": [],
      "auxiliaryFiles": [],
      "hash": "3dcec09393ddf142",
      "childrenByOrder": {}
    },
    {
      "rendered": true,
      "initial": false,
      "entry": false,
      "recorded": false,
      "reason": "split chunk (cache group: defaultVendors)",
      "size": 137533,
      "sizes": {
        "javascript": 137533
      },
      "names": [],
      "idHints": [
        "vendors"
      ],
      "runtime": [
        "@openmrs/esm-devtools-app",
        "main"
      ],
      "files": [
        "788.js"
      ],
      "auxiliaryFiles": [
        "788.js.map"
      ],
      "hash": "c4c7d9d7c59c0efb",
      "childrenByOrder": {}
    },
    {
      "rendered": true,
      "initial": false,
      "entry": false,
      "recorded": false,
      "size": 60540,
      "sizes": {
        "javascript": 60540
      },
      "names": [],
      "idHints": [],
      "runtime": [
        "@openmrs/esm-devtools-app",
        "main"
      ],
      "files": [
        "875.js"
      ],
      "auxiliaryFiles": [
        "875.js.map"
      ],
      "hash": "2c77938f4983637e",
      "childrenByOrder": {}
    },
    {
      "rendered": true,
      "initial": false,
      "entry": false,
      "recorded": false,
      "reason": "reused as split chunk (cache group: default)",
      "size": 1213928,
      "sizes": {
        "javascript": 1213928
      },
      "names": [],
      "idHints": [],
      "runtime": [
        "@openmrs/esm-devtools-app",
        "main"
      ],
      "files": [
        "889.js"
      ],
      "auxiliaryFiles": [
        "889.js.map"
      ],
      "hash": "670a4dddf41e0609",
      "childrenByOrder": {}
    },
    {
      "rendered": true,
      "initial": false,
      "entry": false,
      "recorded": false,
      "reason": "split chunk (cache group: defaultVendors)",
      "size": 838223,
      "sizes": {
        "javascript": 838223
      },
      "names": [],
      "idHints": [
        "vendors"
      ],
      "runtime": [
        "@openmrs/esm-devtools-app",
        "main"
      ],
      "files": [
        "961.js"
      ],
      "auxiliaryFiles": [
        "961.js.map"
      ],
      "hash": "741d338338a8843c",
      "childrenByOrder": {}
    },
    {
      "rendered": true,
      "initial": false,
      "entry": false,
      "recorded": false,
      "size": 534,
      "sizes": {
        "javascript": 492,
        "consume-shared": 42
      },
      "names": [],
      "idHints": [],
      "runtime": [
        "@openmrs/esm-devtools-app"
      ],
      "files": [
        "988.js"
      ],
      "auxiliaryFiles": [
        "988.js.map"
      ],
      "hash": "669485f184bd38ae",
      "childrenByOrder": {}
    }
  ]
}