{
  "chunks": [
    {
      "rendered": true,
      "initial": false,
      "entry": false,
      "recorded": false,
      "reason": "reused as split chunk (cache group: defaultVendors)",
      "size": 25530,
      "sizes": {
        "javascript": 25530
      },
      "names": [],
      "idHints": [
        "vendors"
      ],
      "runtime": [
        "@openmrs/esm-implementer-tools-app",
        "main"
      ],
      "files": [
        "56.js"
      ],
      "auxiliaryFiles": [
        "56.js.map"
      ],
      "hash": "5d13debb812e6790",
      "childrenByOrder": {}
    },
    {
      "rendered": true,
      "initial": true,
      "entry": true,
      "recorded": false,
      "size": 2107006,
      "sizes": {
        "consume-shared": 168,
        "javascript": 2086333,
        "share-init": 210,
        "runtime": 20295
      },
      "names": [
        "main"
      ],
      "idHints": [],
      "runtime": [
        "main"
      ],
      "files": [
        "main.js"
      ],
      "auxiliaryFiles": [
        "main.js.map"
      ],
      "hash": "833881c68eb6fc0b",
      "childrenByOrder": {}
    },
    {
      "rendered": true,
      "initial": false,
      "entry": false,
      "recorded": false,
      "size": 704,
      "sizes": {
        "javascript": 704
      },
      "names": [],
      "idHints": [],
      "runtime": [
        "@openmrs/esm-implementer-tools-app",
        "main"
      ],
      "files": [
        "271.js"
      ],
      "auxiliaryFiles": [],
      "hash": "456bf67353463909",
      "childrenByOrder": {}
    },
    {
      "rendered": true,
      "initial": false,
      "entry": false,
      "recorded": false,
      "size": 1050,
      "sizes": {
        "javascript": 1050
      },
      "names": [],
      "idHints": [],
      "runtime": [
        "@openmrs/esm-implementer-tools-app",
        "main"
      ],
      "files": [
        "319.js"
      ],
      "auxiliaryFiles": [],
      "hash": "dcba98dd5f2519d4",
      "childrenByOrder": {}
    },
    {
      "rendered": true,
      "initial": true,
      "entry": true,
      "recorded": false,
      "size": 20163,
      "sizes": {
        "javascript": 42,
        "share-init": 210,
        "runtime": 19911
      },
      "names": [
        "@openmrs/esm-implementer-tools-app"
      ],
      "idHints": [],
      "runtime": [
        "@openmrs/esm-implementer-tools-app"
      ],
      "files": [
        "openmrs-esm-implementer-tools-app.js"
      ],
      "auxiliaryFiles": [
        "openmrs-esm-implementer-tools-app.js.map"
      ],
      "hash": "0e95c6d7fd62ec96",
      "childrenByOrder": {}
    },
    {
      "rendered": true,
      "initial": false,
      "entry": false,
      "recorded": false,
      "size": 6840,
      "sizes": {
        "javascript": 6840
      },
      "names": [],
      "idHints": [],
      "runtime": [
        "@openmrs/esm-implementer-tools-app",
        "main"
      ],
      "files": [
        "426.js"
      ],
      "auxiliaryFiles": [
        "426.js.map"
      ],
      "hash": "36fdaeeeb9de769a",
      "childrenByOrder": {}
    },
    {
      "rendered": true,
      "initial": false,
      "entry": false,
      "recorded": false,
      "size": 966,
      "sizes": {
        "javascript": 966
      },
      "names": [],
      "idHints": [],
      "runtime": [
        "@openmrs/esm-implementer-tools-app",
        "main"
      ],
      "files": [
        "460.js"
      ],
      "auxiliaryFiles": [],
      "hash": "24425c5fc4309a55",
      "childrenByOrder": {}
    },
    {
      "rendered": false,
      "initial": false,
      "entry": false,
      "recorded": false,
      "reason": "split chunk (cache group: default)",
      "size": 42,
      "sizes": {
        "consume-shared": 42
      },
      "names": [],
      "idHints": [],
      "runtime": [
        "@openmrs/esm-implementer-tools-app",
        "main"
      ],
      "files": [],
      "auxiliaryFiles": [],
      "hash": "f3931ec061847cb5",
      "childrenByOrder": {}
    },
    {
      "rendered": true,
      "initial": false,
      "entry": false,
      "recorded": false,
      "size": 63076,
      "sizes": {
        "javascript": 62950,
        "consume-shared": 126
      },
      "names": [],
      "idHints": [],
      "runtime": [
        "@openmrs/esm-implementer-tools-app"
      ],
      "files": [
        "560.js"
      ],
      "auxiliaryFiles": [
        "560.js.map"
      ],
      "hash": "58d1430e1495c4c1",
      "childrenByOrder": {}
    },
    {
      "rendered": true,
      "initial": false,
      "entry": false,
      "recorded": false,
      "size": 981,
      "sizes": {
        "javascript": 981
      },
      "names": [],
      "idHints": [],
      "runtime": [
        "@openmrs/esm-implementer-tools-app",
        "main"
      ],
      "files": [
        "574.js"
      ],
      "auxiliaryFiles": [],
      "hash": "fc17a739dfebcd77",
      "childrenByOrder": {}
    },
    {
      "rendered": true,
      "initial": false,
      "entry": false,
      "recorded": false,
      "size": 16951,
      "sizes": {
        "javascript": 16951
      },
      "names": [],
      "idHints": [],
      "runtime": [
        "@openmrs/esm-implementer-tools-app",
        "main"
      ],
      "files": [
        "587.js"
      ],
      "auxiliaryFiles": [
        "587.js.map"
      ],
      "hash": "119673ae2a1273c6",
      "childrenByOrder": {}
    },
    {
      "rendered": true,
      "initial": false,
      "entry": false,
      "recorded": false,
      "reason": "split chunk (cache group: defaultVendors)",
      "size": 961205,
      "sizes": {
        "javascript": 961205
      },
      "names": [],
      "idHints": [
        "vendors"
      ],
      "runtime": [
        "@openmrs/esm-implementer-tools-app",
        "main"
      ],
      "files": [
        "620.js"
      ],
      "auxiliaryFiles": [
        "620.js.map"
      ],
      "hash": "8438a35d2c7321d2",
      "childrenByOrder": {}
    },
    {
      "rendered": true,
      "initial": false,
      "entry": false,
      "recorded": false,
      "size": 981,
      "sizes": {
        "javascript": 981
      },
      "names": [],
      "idHints": [],
      "runtime": [
        "@openmrs/esm-implementer-tools-app",
        "main"
      ],
      "files": [
        "625.js"
      ],
      "auxiliaryFiles": [],
      "hash": "5380565fd010ee39",
      "childrenByOrder": {}
    },
    {
      "rendered": true,
      "initial": false,
      "entry": false,
      "recorded": false,
      "size": 704,
      "sizes": {
        "javascript": 704
      },
      "names": [],
      "idHints": [],
      "runtime": [
        "@openmrs/esm-implementer-tools-app",
        "main"
      ],
      "files": [
        "644.js"
      ],
      "auxiliaryFiles": [],
      "hash": "5335eb0dedbe5722",
      "childrenByOrder": {}
    },
    {
      "rendered": true,
      "initial": false,
      "entry": false,
      "recorded": false,
      "size": 40147,
      "sizes": {
        "javascript": 40147
      },
      "names": [],
      "idHints": [],
      "runtime": [
        "@openmrs/esm-implementer-tools-app",
        "main"
      ],
      "files": [
        "651.js"
      ],
      "auxiliaryFiles": [
        "651.js.map"
      ],
      "hash": "c91e1324d01c72de",
      "childrenByOrder": {}
    },
    {
      "rendered": true,
      "initial": false,
      "entry": false,
      "recorded": false,
      "size": 444760,
      "sizes": {
        "javascript": 444718,
        "consume-shared": 42
      },
      "names": [],
      "idHints": [],
      "runtime": [
        "@openmrs/esm-implementer-tools-app",
        "main"
      ],
      "files": [
        "727.js"
      ],
      "auxiliaryFiles": [
        "727.js.map"
      ],
      "hash": "8b59678b284fa6a0",
      "childrenByOrder": {}
    },
    {
      "rendered": true,
      "initial": false,
      "entry": false,
      "recorded": false,
      "size": 7103,
      "sizes": {
        "javascript": 7103
      },
      "names": [],
      "idHints": [],
      "runtime": [
        "@openmrs/esm-implementer-tools-app",
        "main"
      ],
      "files": [
        "735.js"
      ],
      "auxiliaryFiles": [
        "735.js.map"
      ],
      "hash": "ddfba9e965eb25d1",
      "childrenByOrder": {}
    },
    {
      "rendered": true,
      "initial": false,
      "entry": false,
      "recorded": false,
      "size": 39799,
      "sizes": {
        "javascript": 39799
      },
      "names": [],
      "idHints": [],
      "runtime": [
        "@openmrs/esm-implementer-tools-app",
        "main"
      ],
      "files": [
        "738.js"
      ],
      "auxiliaryFiles": [
        "738.js.map"
      ],
      "hash": "bd60a37c100ba8aa",
      "childrenByOrder": {}
    },
    {
      "rendered": true,
      "initial": false,
      "entry": false,
      "recorded": false,
      "size": 981,
      "sizes": {
        "javascript": 981
      },
      "names": [],
      "idHints": [],
      "runtime": [
        "@openmrs/esm-implementer-tools-app",
        "main"
      ],
      "files": [
        "757.js"
      ],
      "auxiliaryFiles": [],
      "hash": "e7f5985052e4215f",
      "childrenByOrder": {}
    },
    {
      "rendered": true,
      "initial": false,
      "entry": false,
      "recorded": false,
      "reason": "split chunk (cache group: defaultVendors)",
      "size": 256397,
      "sizes": {
        "javascript": 256397
      },
      "names": [],
      "idHints": [
        "vendors"
      ],
      "runtime": [
        "@openmrs/esm-implementer-tools-app",
        "main"
      ],
      "files": [
        "767.js"
      ],
      "auxiliaryFiles": [
        "767.js.map"
      ],
      "hash": "4525b4d49f444620",
      "childrenByOrder": {}
    },
    {
      "rendered": false,
      "initial": false,
      "entry": false,
      "recorded": false,
      "reason": "reused as split chunk (cache group: default)",
      "size": 42,
      "sizes": {
        "consume-shared": 42
      },
      "names": [],
      "idHints": [],
      "runtime": [
        "@openmrs/esm-implementer-tools-app",
        "main"
      ],
      "files": [],
      "auxiliaryFiles": [],
      "hash": "6e83f4eb66539a8f",
      "childrenByOrder": {}
    },
    {
      "rendered": true,
      "initial": false,
      "entry": false,
      "recorded": false,
      "reason": "reused as split chunk (cache group: defaultVendors)",
      "size": 137533,
      "sizes": {
        "javascript": 137533
      },
      "names": [],
      "idHints": [
        "vendors"
      ],
      "runtime": [
        "@openmrs/esm-implementer-tools-app",
        "main"
      ],
      "files": [
        "788.js"
      ],
      "auxiliaryFiles": [
        "788.js.map"
      ],
      "hash": "c5191878ee4ed855",
      "childrenByOrder": {}
    },
    {
      "rendered": true,
      "initial": false,
      "entry": false,
      "recorded": false,
      "size": 981,
      "sizes": {
        "javascript": 981
      },
      "names": [],
      "idHints": [],
      "runtime": [
        "@openmrs/esm-implementer-tools-app",
        "main"
      ],
      "files": [
        "807.js"
      ],
      "auxiliaryFiles": [],
      "hash": "adf6c815b7934376",
      "childrenByOrder": {}
    },
    {
      "rendered": true,
      "initial": false,
      "entry": false,
      "recorded": false,
      "size": 949,
      "sizes": {
        "javascript": 949
      },
      "names": [],
      "idHints": [],
      "runtime": [
        "@openmrs/esm-implementer-tools-app",
        "main"
      ],
      "files": [
        "833.js"
      ],
      "auxiliaryFiles": [],
      "hash": "ebfe86c92a423677",
      "childrenByOrder": {}
    },
    {
      "rendered": true,
      "initial": false,
      "entry": false,
      "recorded": false,
      "reason": "reused as split chunk (cache group: default)",
      "size": 1213928,
      "sizes": {
        "javascript": 1213928
      },
      "names": [],
      "idHints": [],
      "runtime": [
        "@openmrs/esm-implementer-tools-app",
        "main"
      ],
      "files": [
        "889.js"
      ],
      "auxiliaryFiles": [
        "889.js.map"
      ],
      "hash": "a6c18e98689bb4b4",
      "childrenByOrder": {}
    },
    {
      "rendered": true,
      "initial": false,
      "entry": false,
      "recorded": false,
      "reason": "split chunk (cache group: defaultVendors)",
      "size": 2023383,
      "sizes": {
        "javascript": 2023383
      },
      "names": [],
      "idHints": [
        "vendors"
      ],
      "runtime": [
        "@openmrs/esm-implementer-tools-app"
      ],
      "files": [
        "913.js"
      ],
      "auxiliaryFiles": [
        "913.js.map"
      ],
      "hash": "27229627c74ba0dc",
      "childrenByOrder": {}
    }
  ]
}