{"imports":{"@openmrs/esm-devtools-app":"./openmrs-esm-devtools-app-5.4.1-pre.1571/openmrs-esm-devtools-app.js","@openmrs/esm-patient-banner-app":"./openmrs-esm-patient-banner-app-7.0.2-pre.3814/openmrs-esm-patient-banner-app.js","@openmrs/esm-patient-search-app":"./openmrs-esm-patient-search-app-6.0.1-pre.2749/openmrs-esm-patient-search-app.js","@openmrs/esm-patient-allergies-app":"./openmrs-esm-patient-allergies-app-7.0.2-pre.3814/openmrs-esm-patient-allergies-app.js","@openmrs/esm-patient-conditions-app":"./openmrs-esm-patient-conditions-app-7.0.2-pre.3814/openmrs-esm-patient-conditions-app.js","@openmrs/esm-implementer-tools-app":"./openmrs-esm-implementer-tools-app-5.4.1-pre.1571/openmrs-esm-implementer-tools-app.js","@openmrs/esm-patient-chart-app":"./openmrs-esm-patient-chart-app-7.0.2-pre.3814/openmrs-esm-patient-chart-app.js","@openmrs/esm-patient-appointments-app":"./openmrs-esm-patient-appointments-app-7.0.2-pre.3814/openmrs-esm-patient-appointments-app.js","@openmrs/esm-patient-vitals-app":"./openmrs-esm-patient-vitals-app-7.0.2-pre.3814/openmrs-esm-patient-vitals-app.js","@openmrs/esm-primary-navigation-app":"./openmrs-esm-primary-navigation-app-5.4.1-pre.1571/openmrs-esm-primary-navigation-app.js","@openmrs/esm-form-entry-app":"./openmrs-esm-form-entry-app-7.0.2-pre.3814/openmrs-esm-form-entry-app.js","@openmrs/esm-home-app":"./openmrs-esm-home-app-5.2.3-pre.342/openmrs-esm-home-app.js","@openmrs/esm-system-admin-app":"./openmrs-esm-system-admin-app-4.0.2-pre.108/openmrs-esm-system-admin-app.js","@openmrs/esm-login-app":"./openmrs-esm-login-app-5.4.0/openmrs-esm-login-app.js","@openmrs/esm-active-visits-app":"./openmrs-esm-active-visits-app-6.0.1-pre.2749/openmrs-esm-active-visits-app.js","@openmrs/esm-patient-programs-app":"./openmrs-esm-patient-programs-app-7.0.2-pre.3814/openmrs-esm-patient-programs-app.js","@openmrs/esm-appointments-app":"./openmrs-esm-appointments-app-6.0.1-pre.2749/openmrs-esm-appointments-app.js","@openmrs/esm-patient-attachments-app":"./openmrs-esm-patient-attachments-app-7.0.2-pre.3814/openmrs-esm-patient-attachments-app.js","@openmrs/esm-patient-registration-app":"./openmrs-esm-patient-registration-app-6.0.0/openmrs-esm-patient-registration-app.js","@openmrs/esm-dispensing-app":"./openmrs-esm-dispensing-app-1.3.1-pre.269/openmrs-esm-dispensing-app.js","@openmrs/esm-form-builder-app":"./openmrs-esm-form-builder-app-2.3.1-pre.681/openmrs-esm-form-builder-app.js","@openmrs/esm-patient-flags-app":"./openmrs-esm-patient-flags-app-7.0.2-pre.3814/openmrs-esm-patient-flags-app.js","@openmrs/esm-patient-orders-app":"./openmrs-esm-patient-orders-app-7.0.2-pre.3814/openmrs-esm-patient-orders-app.js","@openmrs/esm-patient-medications-app":"./openmrs-esm-patient-medications-app-7.0.2-pre.3814/openmrs-esm-patient-medications-app.js","@openmrs/esm-patient-forms-app":"./openmrs-esm-patient-forms-app-7.0.2-pre.3814/openmrs-esm-patient-forms-app.js","@openmrs/esm-laboratory-app":"./openmrs-esm-laboratory-app-1.0.1-pre.224/openmrs-esm-laboratory-app.js","@openmrs/esm-patient-lists-app":"./openmrs-esm-patient-lists-app-7.0.2-pre.3814/openmrs-esm-patient-lists-app.js","@openmrs/esm-service-queues-app":"./openmrs-esm-service-queues-app-6.0.1-pre.2749/openmrs-esm-service-queues-app.js","@openmrs/esm-patient-notes-app":"./openmrs-esm-patient-notes-app-7.0.2-pre.3814/openmrs-esm-patient-notes-app.js","@openmrs/esm-patient-test-results-app":"./openmrs-esm-patient-test-results-app-5.0.1-pre.2468/openmrs-esm-patient-test-results-app.js","@openmrs/esm-stock-management-app":"./openmrs-esm-stock-management-app-1.0.1-pre.327/openmrs-esm-stock-management-app.js"}}